<?xml version="1.0" encoding="UTF-8"?>
<project-private xmlns="http://www.netbeans.org/ns/project-private/1">
    <editor-bookmarks xmlns="http://www.netbeans.org/ns/editor-bookmarks/2" lastBookmarkId="0"/>
    <open-files xmlns="http://www.netbeans.org/ns/projectui-open-files/2">
        <group>
            <file>file:/C:/Users/MSI%20GTX%201650/Documents/Progrmas_JAVA/PROYECTO/src/PROYECTO_FINAL/Insertar.java</file>
            <file>file:/C:/Users/MSI%20GTX%201650/Documents/Progrmas_JAVA/PROYECTO/src/PROYECTO_FINAL/Impreso.java</file>
            <file>file:/C:/Users/MSI%20GTX%201650/Documents/Progrmas_JAVA/PROYECTO/src/PROYECTO_FINAL/Buscar.java</file>
            <file>file:/C:/Users/MSI%20GTX%201650/Documents/Progrmas_JAVA/PROYECTO/src/PROYECTO_FINAL/Importar.java</file>
            <file>file:/C:/Users/MSI%20GTX%201650/Documents/Progrmas_JAVA/PROYECTO/src/PROYECTO_FINAL/daily.java</file>
            <file>file:/C:/Users/MSI%20GTX%201650/Documents/Progrmas_JAVA/PROYECTO/src/PROYECTO_FINAL/Modificar.java</file>
            <file>file:/C:/Users/MSI%20GTX%201650/Documents/Progrmas_JAVA/PROYECTO/src/PROYECTO_FINAL/Eliminar.java</file>
            <file>file:/C:/Users/MSI%20GTX%201650/Documents/Progrmas_JAVA/PROYECTO/src/PROYECTO_FINAL/Exportar.java</file>
        </group>
    </open-files>
</project-private>
